"DATE",PRCP,TAVG,TMAX,TMIN
2022-01-01,0.3,9.7,15.0,6.7
2022-01-02,0.3,11.2,18.9,6.7
2022-01-03,0.3,10.9,16.1,7.8
2022-01-04,0.3,11.2,16.7,5.0
2022-01-05,0.3,15.8,21.7,10.0
2022-01-06,0.3,17.9,22.8,13.9
2022-01-07,0.3,12.6,16.7,8.9
2022-01-08,0.3,10.3,15.0,7.8
2022-01-09,0.3,15.4,21.1,7.8
2022-01-10,0.3,16.9,20.6,14.4
2022-01-11,0.3,18.5,22.8,15.6
2022-01-12,0.3,19.2,25.6,16.1
2022-01-13,0.3,17.9,20.6,15.6
2022-01-14,0.3,18.3,23.9,15.0
2022-01-15,0.3,17.1,18.3,14.4
2022-01-16,0.3,16.5,21.1,13.3
2022-01-17,0.3,13.2,17.2,10.6
2022-01-18,0.3,11.6,16.1,10.0
2022-01-19,0.3,12.3,17.2,9.4
2022-01-20,0.3,16.3,22.2,12.2
2022-01-21,0.3,14.5,18.9,11.1
2022-01-22,0.3,14.3,18.9,11.1
2022-01-23,0.3,14.9,20.6,11.1
2022-01-24,0.3,14.7,20.6,11.1
2022-01-25,0.3,13.2,18.3,9.4
2022-01-26,0.3,14.4,21.1,10.6
2022-01-27,0.3,15.1,20.6,9.4
2022-01-28,0.3,14.9,18.3,13.3
2022-01-29,0.3,14.4,20.0,11.1
2022-01-30,0.3,13.1,21.1,8.3
2022-01-31,0.3,12.3,18.9,7.8
2022-02-01,0.3,9.8,14.4,6.7
2022-02-02,0.3,10.4,17.2,5.0
2022-02-03,0.3,11.2,17.2,6.1
2022-02-04,0.3,12.3,16.1,9.4
2022-02-05,0.3,14.7,21.1,11.7
2022-02-06,0.3,17.6,25.0,11.1
2022-02-07,0.3,17.5,22.2,13.9
2022-02-08,0.3,19.4,26.1,15.0
2022-02-09,0.3,21.9,28.3,16.7
2022-02-10,0.3,21.3,26.7,16.1
2022-02-11,0.3,20.9,27.8,16.1
2022-02-12,0.3,22.2,28.3,17.8
2022-02-13,0.3,21.6,29.4,16.7
2022-02-14,0.3,18.2,25.6,7.2
2022-02-15,0.3,7.7,10.0,4.4
2022-02-16,0.3,8.8,15.0,3.9
2022-02-17,0.3,12.8,19.4,5.6
2022-02-18,0.3,14.6,23.3,10.0
2022-02-19,0.3,16.4,24.4,11.7
2022-02-20,0.3,12.8,18.9,8.9
2022-02-21,0.3,8.9,12.8,6.7
2022-02-22,0.3,7.0,10.6,5.6
2022-02-23,0.3,5.0,8.3,2.2
2022-02-24,0.3,7.3,13.9,1.7
2022-02-25,0.3,9.3,15.6,4.4
2022-02-26,0.3,12.8,19.4,6.1
2022-02-27,0.3,15.6,22.8,8.9
2022-02-28,0.3,18.9,26.1,12.2
2022-03-01,0.3,21.4,26.7,16.1
2022-03-02,0.3,20.5,27.8,16.7
2022-03-03,0.3,14.4,21.1,8.9
2022-03-04,0.3,9.3,11.7,7.8
2022-03-05,0.3,7.2,11.1,5.0
2022-03-06,0.3,8.2,12.8,5.0
2022-03-07,0.3,11.6,18.9,5.0
2022-03-08,0.3,12.6,18.9,7.8
2022-03-09,0.3,12.2,18.9,8.3
2022-03-10,0.3,11.0,16.1,8.3
2022-03-11,0.3,14.3,21.1,8.9
2022-03-12,0.3,16.6,23.9,10.6
2022-03-13,0.3,13.6,19.4,8.9
2022-03-14,0.3,16.1,24.4,8.3
2022-03-15,0.3,18.2,25.0,13.9
2022-03-16,0.3,15.1,21.7,11.7
2022-03-17,0.3,19.2,25.6,13.3
2022-03-18,0.3,18.5,24.4,13.9
2022-03-19,0.3,14.2,20.6,9.4
2022-03-20,0.3,11.7,16.7,8.3
2022-03-21,0.3,14.6,21.7,7.2
2022-03-22,0.3,21.0,28.9,13.3
2022-03-23,0.3,22.1,28.3,16.7
2022-03-24,0.3,22.4,29.4,17.2
2022-03-25,0.3,21.9,29.4,17.2
2022-03-26,0.3,19.4,25.6,10.0
2022-03-27,0.3,12.8,21.1,8.3
2022-03-28,0.3,11.1,16.1,8.3
2022-03-29,0.3,10.7,15.0,7.8
2022-03-30,0.3,12.7,19.4,8.3
2022-03-31,0.3,11.3,13.3,10.0
2022-04-01,0.3,13.3,18.9,10.0
2022-04-02,0.3,12.5,16.1,11.1
2022-04-03,0.3,11.4,13.3,10.6
2022-04-04,0.3,15.2,23.3,10.6
2022-04-05,0.3,18.2,24.4,12.2
2022-04-06,0.3,25.0,32.8,16.7
2022-04-07,0.3,26.6,32.2,21.1
2022-04-08,0.3,27.2,35.6,21.1
2022-04-09,0.3,21.5,28.9,12.2
2022-04-10,0.3,14.3,19.4,11.7
2022-04-11,0.3,13.1,18.9,8.9
2022-04-12,0.3,11.1,18.3,7.2
2022-04-13,0.3,12.1,19.4,4.4
2022-04-14,0.3,13.5,21.7,8.9
2022-04-15,0.3,13.9,22.8,6.1
2022-04-16,0.3,13.0,19.4,7.8
2022-04-17,0.3,15.7,24.4,10.6
2022-04-18,0.3,18.2,26.1,11.7
2022-04-19,0.3,16.9,22.8,11.7
2022-04-20,0.3,13.4,20.0,8.9
2022-04-21,0.3,13.3,20.0,7.8
2022-04-22,0.3,10.8,14.4,8.3
2022-04-23,0.3,14.6,22.8,6.7
2022-04-24,0.3,20.3,27.8,13.3
2022-04-25,0.3,22.3,30.6,16.1
2022-04-26,0.3,20.0,26.7,11.1
2022-04-27,0.3,13.9,22.2,9.4
2022-04-28,0.3,12.7,18.3,9.4
2022-04-29,0.3,15.2,22.2,8.9
2022-04-30,0.3,17.9,26.1,11.1
2022-05-01,0.3,16.1,23.3,11.7
2022-05-02,0.3,15.0,22.8,11.1
2022-05-03,0.3,14.1,21.1,10.6
2022-05-04,0.3,18.0,27.2,9.4
2022-05-05,0.3,20.5,28.3,13.3
2022-05-06,0.3,20.9,26.7,14.4
2022-05-07,0.3,16.3,23.9,10.0
2022-05-08,0.3,13.0,17.8,9.4
2022-05-09,0.3,12.8,18.9,8.9
2022-05-10,0.3,12.9,20.0,7.8
2022-05-11,0.3,11.9,17.8,6.1
2022-05-12,0.3,18.7,25.0,9.4
2022-05-13,0.3,23.3,31.1,15.6
2022-05-14,0.3,26.3,33.9,20.0
2022-05-15,0.3,22.9,31.1,13.3
2022-05-16,0.3,17.4,25.6,11.1
2022-05-17,0.3,15.6,22.8,10.6
2022-05-18,0.3,16.1,24.4,10.6
2022-05-19,0.3,15.2,23.9,10.0
2022-05-20,0.3,13.2,16.1,11.7
2022-05-21,0.3,13.4,17.8,10.6
2022-05-22,0.3,15.2,22.2,10.6
2022-05-23,0.3,14.7,22.8,10.6
2022-05-24,0.3,17.5,26.1,10.0
2022-05-25,0.3,20.6,25.6,15.0
2022-05-26,0.3,17.3,25.0,11.1
2022-05-27,0.3,15.6,25.0,10.6
2022-05-28,0.3,14.6,19.4,11.7
2022-05-29,0.3,15.3,21.1,11.1
2022-05-30,0.3,16.7,24.4,11.7
2022-05-31,0.3,17.6,25.0,10.0
2022-06-01,0.3,19.8,28.3,12.2
2022-06-02,0.3,19.3,28.3,12.2
2022-06-03,0.3,17.3,27.8,11.1
2022-06-04,0.3,16.5,23.3,11.7
2022-06-05,0.3,18.9,26.1,13.9
2022-06-06,0.3,20.2,27.8,13.3
2022-06-07,0.3,20.3,28.3,13.3
2022-06-08,0.3,20.7,30.0,13.3
2022-06-09,0.3,22.8,32.2,13.3
2022-06-10,0.3,25.6,32.8,18.3
2022-06-11,0.3,25.4,31.7,19.4
2022-06-12,0.3,23.3,30.0,14.4
2022-06-13,0.3,18.2,26.1,13.3
2022-06-14,0.3,19.9,27.2,12.8
2022-06-15,0.3,20.5,28.3,13.3
2022-06-16,0.3,21.5,30.6,13.9
2022-06-17,0.3,18.1,25.0,12.2
2022-06-18,0.3,17.3,25.0,11.7
2022-06-19,0.3,18.9,26.7,10.6
2022-06-20,0.3,25.1,33.3,16.1
2022-06-21,0.3,25.3,32.8,19.4
2022-06-22,0.3,26.6,32.8,21.7
2022-06-23,0.3,27.1,33.3,21.7
2022-06-24,0.3,27.5,33.9,21.7
2022-06-25,0.3,27.9,34.4,21.7
2022-06-26,0.3,27.6,34.4,21.7
2022-06-27,0.3,29.3,35.0,24.4
2022-06-28,0.3,28.4,35.0,22.8
2022-06-29,0.3,26.9,33.3,20.0
2022-06-30,0.3,24.9,31.7,18.3
2022-07-01,0.3,24.0,31.7,17.8
2022-07-02,0.3,22.1,28.9,14.4
2022-07-03,0.3,18.6,26.1,13.3
2022-07-04,0.3,18.4,25.6,12.8
2022-07-05,0.3,19.1,27.8,12.8
2022-07-06,0.3,19.8,27.2,14.4
2022-07-07,0.3,21.4,28.3,15.0
2022-07-08,0.3,22.2,30.6,14.4
2022-07-09,0.3,24.8,32.2,17.2
2022-07-10,0.3,25.8,32.2,20.0
2022-07-11,0.3,22.7,30.0,17.2
2022-07-12,0.3,20.0,28.3,13.3
2022-07-13,0.3,20.4,28.9,13.9
2022-07-14,0.3,21.1,28.3,15.0
2022-07-15,0.3,24.6,31.7,16.7
2022-07-16,0.3,26.9,32.8,20.6
2022-07-17,0.3,26.4,32.2,22.2
2022-07-18,0.3,25.8,32.8,20.6
2022-07-19,0.3,26.8,32.8,21.7
2022-07-20,0.3,25.1,33.9,21.1
2022-07-21,0.3,24.9,32.8,18.9
2022-07-22,0.3,22.2,30.0,16.7
2022-07-23,0.3,20.6,29.4,14.4
2022-07-24,0.3,20.7,29.4,14.4
2022-07-25,0.3,21.6,30.6,16.1
2022-07-26,0.3,22.2,30.6,15.0
2022-07-27,0.3,22.6,31.7,15.6
2022-07-28,0.3,23.5,31.7,18.3
2022-07-29,0.3,22.3,31.1,17.8
2022-07-30,0.3,23.8,30.0,18.3
2022-07-31,0.3,25.2,32.2,20.0
2022-08-01,0.3,25.4,31.7,20.6
2022-08-02,0.3,24.8,30.6,20.0
2022-08-03,0.3,24.3,31.7,19.4
2022-08-04,0.3,23.4,30.6,19.4
2022-08-05,0.3,24.8,32.2,18.3
2022-08-06,0.3,26.3,32.8,19.4
2022-08-07,0.3,28.8,34.4,24.4
2022-08-08,0.3,27.2,33.9,21.7
2022-08-09,0.3,28.1,33.9,23.3
2022-08-10,0.3,27.7,34.4,23.3
2022-08-11,0.3,27.7,34.4,22.2
2022-08-12,0.3,28.2,35.0,23.3
2022-08-13,0.3,28.6,35.0,21.1
2022-08-14,0.3,27.7,33.9,22.2
2022-08-15,0.3,26.9,33.9,21.1
2022-08-16,0.3,27.5,33.9,22.2
2022-08-17,0.3,27.2,33.3,21.7
2022-08-18,0.3,25.3,32.2,19.4
2022-08-19,0.3,23.4,32.2,17.8
2022-08-20,0.3,21.3,29.4,15.6
2022-08-21,0.3,20.6,28.9,15.6
2022-08-22,0.3,23.2,31.7,16.1
2022-08-23,0.3,25.0,33.3,19.4
2022-08-24,0.3,25.4,31.7,18.9
2022-08-25,0.3,25.8,31.1,20.6
2022-08-26,0.3,25.0,31.7,20.0
2022-08-27,0.3,22.2,29.4,16.7
2022-08-28,0.3,20.9,28.9,16.1
2022-08-29,0.3,22.2,30.0,16.7
2022-08-30,0.3,27.2,33.9,20.0
2022-08-31,0.3,31.2,37.2,25.0
2022-09-01,0.3,32.5,37.8,26.7
2022-09-02,0.3,30.5,37.2,26.1
2022-09-03,0.3,32.2,40.0,26.7
2022-09-04,0.3,30.1,38.3,23.9
2022-09-05,0.3,30.1,41.7,23.3
2022-09-06,0.3,31.7,37.2,25.6
2022-09-07,0.3,32.6,39.4,25.6
2022-09-08,0.3,29.7,35.6,25.0
2022-09-09,0.3,24.4,29.4,20.6
2022-09-10,0.3,22.7,25.6,20.0
2022-09-11,0.3,22.4,29.4,20.0
2022-09-12,0.3,21.8,27.2,19.4
2022-09-13,0.3,21.5,27.8,18.3
2022-09-14,0.3,19.9,26.1,15.6
2022-09-15,0.3,19.4,26.7,15.0
2022-09-16,0.3,19.0,26.1,13.9
2022-09-17,0.3,17.4,25.6,13.3
2022-09-18,0.3,17.9,25.6,13.9
2022-09-19,0.3,18.3,27.2,12.2
2022-09-20,0.3,19.8,27.8,14.4
2022-09-21,0.3,19.6,27.2,13.3
2022-09-22,0.3,23.1,30.6,16.1
2022-09-23,0.3,26.1,32.2,20.6
2022-09-24,0.3,26.1,32.2,21.7
2022-09-25,0.3,26.1,33.3,21.7
2022-09-26,0.3,27.7,33.3,22.2
2022-09-27,0.3,29.1,35.0,24.4
2022-09-28,0.3,27.9,33.9,21.7
2022-09-29,0.3,25.2,30.6,19.4
2022-09-30,0.3,20.1,26.7,15.0
2022-10-01,0.3,17.7,25.6,13.3
2022-10-02,0.3,18.8,26.1,15.0
2022-10-03,0.3,19.7,27.2,15.6
2022-10-04,0.3,21.6,28.3,16.1
2022-10-05,0.3,21.3,28.3,16.7
2022-10-06,0.3,19.1,26.7,15.0
2022-10-07,0.3,21.8,28.3,15.6
2022-10-08,0.3,22.1,28.3,18.3
2022-10-09,0.3,21.3,27.2,16.1
2022-10-10,0.3,18.1,26.1,14.4
2022-10-11,0.3,17.5,25.0,13.9
2022-10-12,0.3,18.0,25.6,15.6
2022-10-13,0.3,18.4,23.9,15.6
2022-10-14,0.3,16.6,21.1,14.4
2022-10-15,0.3,14.2,16.1,13.3
2022-10-16,0.3,16.3,21.1,13.9
2022-10-17,0.3,19.8,25.6,15.0
2022-10-18,0.3,24.4,30.0,18.3
2022-10-19,0.3,25.6,30.0,21.1
2022-10-20,0.3,24.0,31.7,20.0
2022-10-21,0.3,19.9,26.1,16.1
2022-10-22,0.3,15.7,19.4,13.3
2022-10-23,0.3,13.6,18.3,10.6
2022-10-24,0.3,16.3,23.3,11.1
2022-10-25,0.3,17.8,24.4,13.3
2022-10-26,0.3,15.6,21.7,10.6
2022-10-27,0.3,16.6,23.9,10.0
2022-10-28,0.3,17.7,23.9,13.3
2022-10-29,0.3,17.9,24.4,13.3
2022-10-30,0.3,20.4,26.1,16.1
2022-10-31,0.3,20.8,27.8,16.7
2022-11-01,0.3,16.0,21.7,11.1
2022-11-02,0.3,12.3,17.2,10.0
2022-11-03,0.3,9.9,13.9,6.7
2022-11-04,0.3,12.2,18.9,7.2
2022-11-05,0.3,15.7,21.7,11.7
2022-11-06,0.3,14.6,20.6,10.6
2022-11-07,0.3,13.4,18.9,10.0
2022-11-08,0.3,12.5,14.4,8.9
2022-11-09,0.3,9.9,15.0,6.1
2022-11-10,0.3,11.5,17.2,6.7
2022-11-11,0.3,13.9,20.6,9.4
2022-11-12,0.3,13.0,19.4,8.9
2022-11-13,0.3,10.5,15.6,7.2
2022-11-14,0.3,13.4,19.4,8.3
2022-11-15,0.3,15.1,21.7,10.6
2022-11-16,0.3,15.3,20.6,11.7
2022-11-17,0.3,16.6,23.3,12.8
2022-11-18,0.3,14.8,20.0,10.6
2022-11-19,0.3,15.9,21.1,12.2
2022-11-20,0.3,17.2,22.8,13.3
2022-11-21,0.3,16.7,23.3,12.2
2022-11-22,0.3,15.8,22.2,11.7
2022-11-23,0.3,16.0,22.2,11.1
2022-11-24,0.3,17.7,21.1,15.0
2022-11-25,0.3,17.0,23.3,12.8
2022-11-26,0.3,15.6,22.2,11.7
2022-11-27,0.3,15.3,22.8,10.0
2022-11-28,0.3,10.2,13.9,8.3
2022-11-29,0.3,10.8,16.7,7.8
2022-11-30,0.3,9.3,14.4,6.7
2022-12-01,0.3,9.6,12.2,8.3
2022-12-02,0.3,12.8,17.2,8.3
2022-12-03,0.3,15.9,21.1,11.7
2022-12-04,0.3,14.4,19.4,11.1
2022-12-05,0.3,11.3,15.0,8.3
2022-12-06,0.3,9.3,12.8,7.8
2022-12-07,0.3,9.4,13.9,5.0
2022-12-08,0.3,9.0,15.0,4.4
2022-12-09,0.3,9.7,15.0,5.0
2022-12-10,0.3,10.8,15.6,6.7
2022-12-11,0.3,8.1,10.6,5.6
2022-12-12,0.3,5.8,9.4,4.4
2022-12-13,0.3,7.2,12.2,4.4
2022-12-14,0.3,8.9,15.0,4.4
2022-12-15,0.3,10.9,14.4,7.2
2022-12-16,0.3,12.7,17.2,10.0
2022-12-17,0.3,12.3,18.3,9.4
2022-12-18,0.3,11.2,16.1,6.7
2022-12-19,0.3,11.8,17.8,6.7
2022-12-20,0.3,13.2,18.3,10.0
2022-12-21,0.3,15.6,21.7,10.6
2022-12-22,0.3,15.7,20.6,11.7
2022-12-23,0.3,15.2,21.1,10.0
2022-12-24,0.3,19.3,23.9,14.4
2022-12-25,0.3,21.5,28.9,16.7
2022-12-26,0.3,21.4,27.2,17.2
2022-12-27,0.3,15.5,20.0,10.6
2022-12-28,0.3,11.2,13.9,9.4
2022-12-29,0.3,10.2,12.8,8.9
2022-12-30,0.3,10.8,12.8,9.4
2022-12-31,0.3,11.5,12.8,10.6
2023-01-01,0.3,8.9,11.1,7.8
2023-01-02,0.3,8.7,11.7,7.2
2023-01-03,0.3,10.0,11.7,7.8
2023-01-04,0.3,13.3,17.8,11.1
2023-01-05,0.3,10.6,12.8,9.4
2023-01-06,0.3,11.4,16.1,6.1
2023-01-07,0.3,13.8,18.9,10.6
2023-01-08,0.3,13.4,18.9,10.0
2023-01-09,0.3,13.2,17.8,10.6
2023-01-10,0.3,10.4,12.8,8.9
2023-01-11,0.3,10.0,13.9,6.7
2023-01-12,0.3,15.7,20.0,12.8
2023-01-13,0.3,14.9,20.0,11.1
2023-01-14,0.3,11.2,13.3,8.9
2023-01-15,0.3,9.3,11.7,7.8
2023-01-16,0.3,9.1,11.1,6.7
2023-01-17,0.3,6.9,8.9,5.6
2023-01-18,0.3,8.2,13.3,4.4
2023-01-19,0.3,8.6,12.2,5.6
2023-01-20,0.3,8.4,13.3,5.0
2023-01-21,0.3,9.9,15.6,5.0
2023-01-22,0.3,9.7,13.9,6.7
2023-01-23,0.3,9.0,14.4,4.4
2023-01-24,0.3,11.3,17.8,7.2
2023-01-25,0.3,14.0,20.6,9.4
2023-01-26,0.3,12.5,16.7,9.4
2023-01-27,0.3,13.0,20.0,8.3
2023-01-28,0.3,10.2,15.6,6.7
2023-01-29,0.3,7.8,10.0,6.1
2023-01-30,0.3,7.7,11.1,5.6
2023-01-31,0.3,9.5,15.0,4.4
2023-02-01,0.3,11.1,17.2,6.7
2023-02-02,0.3,13.9,20.0,8.9
2023-02-03,0.3,14.3,20.0,10.6
2023-02-04,0.3,14.2,20.0,10.0
2023-02-05,0.3,10.9,15.6,7.2
2023-02-06,0.3,11.0,16.1,6.1
2023-02-07,0.3,13.7,19.4,10.0
2023-02-08,0.3,15.1,21.1,10.0
2023-02-09,0.3,17.4,22.8,13.3
2023-02-10,0.3,16.2,22.8,13.3
2023-02-11,0.3,10.7,13.9,5.6
2023-02-12,0.3,7.6,12.2,4.4
2023-02-13,0.3,8.2,13.3,5.0
2023-02-14,0.3,7.1,8.3,5.0
2023-02-15,0.3,6.9,12.8,1.7
2023-02-16,0.3,8.8,13.3,3.9
2023-02-17,0.3,11.2,15.6,8.3
2023-02-18,0.3,12.2,18.9,7.8
2023-02-19,0.3,10.6,17.8,6.7
2023-02-20,0.3,14.1,21.7,8.3
2023-02-21,0.3,11.6,17.8,6.1
2023-02-22,0.3,5.9,9.4,3.9
2023-02-23,0.3,5.1,7.8,3.3
2023-02-24,0.3,8.9,11.7,5.0
2023-02-25,0.3,5.7,10.0,2.2
2023-02-26,0.3,5.4,10.0,2.8
2023-02-27,0.3,7.3,11.7,2.8
2023-02-28,0.3,7.6,11.1,6.1
2023-03-01,0.3,5.6,7.2,2.8
2023-03-02,0.3,7.3,14.4,2.2
2023-03-03,0.3,9.0,15.0,3.9
2023-03-04,0.3,8.1,12.8,5.6
2023-03-05,0.3,7.9,12.2,5.6
2023-03-06,0.3,8.4,13.9,5.6
2023-03-07,0.3,8.7,14.4,5.0
2023-03-08,0.3,8.4,14.4,4.4
2023-03-09,0.3,12.4,19.4,6.7
2023-03-10,0.3,11.7,14.4,10.0
2023-03-11,0.3,13.1,14.4,11.7
2023-03-12,0.3,13.2,17.2,11.1
2023-03-13,0.3,13.0,18.3,9.4
2023-03-14,0.3,13.4,17.2,10.6
2023-03-15,0.3,11.1,13.9,7.8
2023-03-16,0.3,9.3,14.4,6.7
2023-03-17,0.3,11.8,18.9,3.3
2023-03-18,0.3,16.3,22.2,12.2
2023-03-19,0.3,13.2,16.1,9.4
2023-03-20,0.3,10.8,13.3,8.3
2023-03-21,0.3,9.2,13.3,7.2
2023-03-22,0.3,8.4,12.8,6.1
2023-03-23,0.3,8.1,11.1,6.1
2023-03-24,0.3,9.3,13.9,6.1
2023-03-25,0.3,9.2,15.0,4.4
2023-03-26,0.3,9.7,15.6,4.4
2023-03-27,0.3,13.4,19.4,7.2
2023-03-28,0.3,13.6,19.4,8.3
2023-03-29,0.3,7.6,9.4,5.6
2023-03-30,0.3,6.9,10.6,4.4
2023-03-31,0.3,9.7,16.1,3.9
2023-04-01,0.3,12.8,18.9,7.2
2023-04-02,0.3,12.4,18.3,8.3
2023-04-03,0.3,8.6,12.2,5.0
2023-04-04,0.3,7.8,13.3,2.8
2023-04-05,0.3,11.4,18.3,5.0
2023-04-06,0.3,15.0,21.7,10.0
2023-04-07,0.3,14.2,20.0,9.4
2023-04-08,0.3,14.4,21.1,9.4
2023-04-09,0.3,17.7,23.9,10.6
2023-04-10,0.3,21.2,26.7,16.7
2023-04-11,0.3,16.6,24.4,8.9
2023-04-12,0.3,11.7,17.2,8.3
2023-04-13,0.3,8.9,11.1,7.2
2023-04-14,0.3,9.8,13.3,7.2
2023-04-15,0.3,13.4,21.1,8.3
2023-04-16,0.3,12.2,17.8,8.3
2023-04-17,0.3,11.2,15.6,9.4
2023-04-18,0.3,11.9,17.2,7.8
2023-04-19,0.3,11.8,17.8,7.8
2023-04-20,0.3,18.5,25.6,10.0
2023-04-21,0.3,22.8,30.0,16.7
2023-04-22,0.3,22.0,28.9,16.7
2023-04-23,0.3,17.2,23.3,10.6
2023-04-24,0.3,14.0,20.6,10.0
2023-04-25,0.3,13.9,21.1,10.6
2023-04-26,0.3,17.4,25.6,10.6
2023-04-27,0.3,20.3,26.7,16.7
2023-04-28,0.3,18.6,26.1,12.2
2023-04-29,0.3,18.2,25.6,12.2
2023-04-30,0.3,14.1,22.2,9.4
2023-05-01,0.3,11.3,15.0,8.9
2023-05-02,0.3,11.1,16.1,7.8
2023-05-03,0.3,11.1,16.7,7.8
2023-05-04,0.3,10.2,13.9,7.8
2023-05-05,0.3,11.1,16.1,8.3
2023-05-06,0.3,12.5,18.9,7.8
2023-05-07,0.3,13.3,20.0,8.3
2023-05-08,0.3,14.0,21.7,7.8
2023-05-09,0.3,13.2,20.6,9.4
2023-05-10,0.3,12.1,18.3,8.3
2023-05-11,0.3,13.9,20.6,10.0
2023-05-12,0.3,14.6,22.8,10.6
2023-05-13,0.3,16.4,26.1,10.0
2023-05-14,0.3,16.8,25.0,11.1
2023-05-15,0.3,17.1,24.4,12.2
2023-05-16,0.3,18.9,26.7,11.7
2023-05-17,0.3,16.7,23.3,11.1
2023-05-18,0.3,16.3,23.3,12.2
2023-05-19,0.3,15.7,23.3,12.2
2023-05-20,0.3,16.6,24.4,12.8
2023-05-21,0.3,17.3,26.1,12.8
2023-05-22,0.3,16.3,22.2,13.3
2023-05-23,0.3,13.6,15.6,12.2
2023-05-24,0.3,13.2,17.2,11.1
2023-05-25,0.3,14.2,20.6,10.6
2023-05-26,0.3,14.2,20.6,10.6
2023-05-27,0.3,14.7,20.6,11.7
2023-05-28,0.3,14.6,21.1,12.2
2023-05-29,0.3,12.9,14.4,11.7
2023-05-30,0.3,13.2,17.8,10.6
2023-05-31,0.3,11.9,14.4,10.0
2023-06-01,0.3,13.1,15.6,11.1
2023-06-02,0.3,15.3,21.1,12.2
2023-06-03,0.3,15.4,23.3,11.1
2023-06-04,0.3,16.2,24.4,11.7
2023-06-05,0.3,14.2,18.9,11.1
2023-06-06,0.3,13.8,19.4,10.6
2023-06-07,0.3,14.2,20.0,11.1
2023-06-08,0.3,15.7,22.2,11.1
2023-06-09,0.3,16.1,21.1,12.8
2023-06-10,0.3,14.6,18.9,12.2
2023-06-11,0.3,12.9,14.4,11.7
2023-06-12,0.3,14.1,18.3,12.2
2023-06-13,0.3,15.6,21.1,12.8
2023-06-14,0.3,15.4,21.7,12.8
2023-06-15,0.3,16.3,22.2,12.8
2023-06-16,0.3,18.1,26.1,12.8
2023-06-17,0.3,20.4,27.8,13.9
2023-06-18,0.3,18.2,25.0,12.2
2023-06-19,0.3,16.4,24.4,11.7
2023-06-20,0.3,18.2,25.6,11.7
2023-06-21,0.3,19.3,26.1,13.3
2023-06-22,0.3,15.2,21.7,10.0
2023-06-23,0.3,16.1,23.9,10.6
2023-06-24,0.3,17.1,25.6,11.1
2023-06-25,0.3,17.1,25.6,10.6
2023-06-26,0.3,17.8,25.6,11.1
2023-06-27,0.3,18.6,26.7,11.1
2023-06-28,0.3,16.9,24.4,11.1
2023-06-29,0.3,18.4,27.8,11.1
2023-06-30,0.3,21.4,32.2,13.3
2023-07-01,0.3,23.8,31.1,16.7
2023-07-02,0.3,25.4,33.3,18.3
2023-07-03,0.3,24.8,31.7,18.9
2023-07-04,0.3,24.1,31.1,16.7
2023-07-05,0.3,21.4,30.0,15.0
2023-07-06,0.3,18.9,27.8,11.7
2023-07-07,0.3,17.8,27.2,10.6
2023-07-08,0.3,17.9,26.7,11.1
2023-07-09,0.3,18.8,27.2,11.1
2023-07-10,0.3,22.9,32.2,13.9
2023-07-11,0.3,26.9,33.9,20.0
2023-07-12,0.3,27.8,33.9,22.8
2023-07-13,0.3,27.1,32.8,22.8
2023-07-14,0.3,27.7,33.9,22.8
2023-07-15,0.3,26.1,32.8,20.6
2023-07-16,0.3,26.8,32.8,21.7
2023-07-17,0.3,28.4,36.7,22.8
2023-07-18,0.3,28.0,34.4,23.3
2023-07-19,0.3,27.8,35.0,22.2
2023-07-20,0.3,28.8,35.6,23.9
2023-07-21,0.3,27.3,32.2,23.3
2023-07-22,0.3,25.4,31.1,19.4
2023-07-23,0.3,22.7,30.0,16.1
2023-07-24,0.3,27.5,33.9,21.7
2023-07-25,0.3,29.2,35.6,22.8
2023-07-26,0.3,29.1,36.7,22.8
2023-07-27,0.3,27.4,35.0,20.6
2023-07-28,0.3,26.3,31.1,21.7
2023-07-29,0.3,26.7,33.9,21.7
2023-07-30,0.3,26.4,32.8,21.1
2023-07-31,0.3,24.6,27.8,21.1
2023-08-01,0.3,25.4,31.7,18.9
2023-08-02,0.3,25.3,32.8,20.0
2023-08-03,0.3,22.8,29.4,15.6
2023-08-04,0.3,21.6,29.4,13.3
2023-08-05,0.3,24.9,32.2,16.7
2023-08-06,0.3,27.7,35.0,21.7
2023-08-07,0.3,27.9,34.4,21.1
2023-08-08,0.3,24.3,30.6,19.4
2023-08-09,0.3,22.1,29.4,17.2
2023-08-10,0.3,20.6,26.1,17.2
2023-08-11,0.3,21.2,27.2,17.2
2023-08-12,0.3,21.7,27.8,16.1
2023-08-13,0.3,22.2,28.3,17.2
2023-08-14,0.3,24.2,31.7,16.7
2023-08-15,0.3,26.8,33.9,20.0
2023-08-16,0.3,27.8,36.1,21.1
2023-08-17,0.3,27.7,35.6,22.2
2023-08-18,0.3,26.7,32.8,21.7
2023-08-19,0.3,24.6,28.3,20.6
2023-08-20,0.3,20.7,24.4,16.1
2023-08-21,0.3,18.2,21.1,15.6
2023-08-22,0.3,21.6,27.8,16.7
2023-08-23,0.3,23.7,29.4,18.9
2023-08-24,0.3,22.0,28.3,17.8
2023-08-25,0.3,22.2,30.0,15.6
2023-08-26,0.3,25.9,33.3,18.3
2023-08-27,0.3,28.8,35.0,22.8
2023-08-28,0.3,30.5,36.7,24.4
2023-08-29,0.3,31.3,37.8,27.2
2023-08-30,0.3,29.4,33.9,22.8
2023-08-31,0.3,25.8,31.1,21.7
2023-09-01,0.3,22.2,29.4,17.8
2023-09-02,0.3,22.0,25.6,19.4
2023-09-03,0.3,19.8,24.4,15.6
2023-09-04,0.3,18.6,24.4,14.4
2023-09-05,0.3,17.6,23.3,14.4
2023-09-06,0.3,20.1,27.8,16.1
2023-09-07,0.3,24.2,31.1,15.6
2023-09-08,0.3,28.4,35.0,23.9
2023-09-09,0.3,27.8,34.4,23.9
2023-09-10,0.3,26.1,32.2,22.2
2023-09-11,0.3,25.8,31.1,22.8
2023-09-12,0.3,22.9,28.9,15.6
2023-09-13,0.3,18.7,26.1,13.3
2023-09-14,0.3,17.7,25.6,13.3
2023-09-15,0.3,17.7,24.4,14.4
2023-09-16,0.3,17.1,19.4,16.1
2023-09-17,0.3,16.8,18.9,15.6
2023-09-18,0.3,17.5,22.8,15.0
2023-09-19,0.3,18.2,24.4,14.4
2023-09-20,0.3,17.2,22.8,13.9
2023-09-21,0.3,16.5,22.2,13.9
2023-09-22,0.3,17.2,20.6,12.8
2023-09-23,0.3,19.4,27.2,13.9
2023-09-24,0.3,20.1,27.8,13.9
2023-09-25,0.3,19.2,26.1,14.4
2023-09-26,0.3,21.6,27.8,16.7
2023-09-27,0.3,21.6,30.6,15.6
2023-09-28,0.3,18.5,24.4,14.4
2023-09-29,0.3,16.3,22.8,12.8
2023-09-30,0.3,14.7,18.3,12.8
2023-10-01,0.3,13.7,17.2,10.6
2023-10-02,0.3,14.7,21.1,9.4
2023-10-03,0.3,20.1,26.7,13.3
2023-10-04,0.3,24.5,32.8,18.3
2023-10-05,0.3,26.7,35.0,21.1
2023-10-06,0.3,27.7,33.9,23.3
2023-10-07,0.3,27.6,33.9,23.3
2023-10-08,0.3,27.2,33.9,22.8
2023-10-09,0.3,23.6,30.6,17.2
2023-10-10,0.3,17.7,25.0,13.3
2023-10-11,0.3,16.4,22.2,13.3
2023-10-12,0.3,17.7,26.1,13.9
2023-10-13,0.3,18.6,25.0,13.3
2023-10-14,0.3,21.6,28.9,16.7
2023-10-15,0.3,25.1,33.9,19.4
2023-10-16,0.3,25.1,31.1,21.1
2023-10-17,0.3,23.6,29.4,20.0
2023-10-18,0.3,26.6,31.7,19.4
2023-10-19,0.3,27.7,33.9,23.3
2023-10-20,0.3,26.8,33.9,22.8
2023-10-21,0.3,23.9,30.0,15.6
2023-10-22,0.3,16.5,22.8,13.3
2023-10-23,0.3,14.6,17.8,12.8
2023-10-24,0.3,16.2,23.9,11.7
2023-10-25,0.3,14.7,16.7,13.3
2023-10-26,0.3,16.1,22.2,13.3
2023-10-27,0.3,15.7,21.1,11.7
2023-10-28,0.3,14.9,21.1,9.4
2023-10-29,0.3,17.2,23.9,11.7
2023-10-30,0.3,19.2,25.0,14.4
2023-10-31,0.3,21.5,26.1,18.9
2023-11-01,0.3,22.1,28.3,17.2
2023-11-02,0.3,21.6,28.9,16.7
2023-11-03,0.3,21.4,28.3,15.6
2023-11-04,0.3,22.1,28.3,18.3
2023-11-05,0.3,23.1,30.6,16.7
2023-11-06,0.3,20.3,26.1,13.3
2023-11-07,0.3,14.3,20.0,11.1
2023-11-08,0.3,15.5,23.9,8.9
2023-11-09,0.3,17.5,25.0,12.8
2023-11-10,0.3,17.2,25.0,13.3
2023-11-11,0.3,19.4,26.7,13.9
2023-11-12,0.3,21.6,27.2,16.7
2023-11-13,0.3,19.4,26.1,15.0
2023-11-14,0.3,19.7,26.7,13.9
2023-11-15,0.3,16.8,23.3,12.2
2023-11-16,0.3,15.8,20.6,12.8
2023-11-17,0.3,17.2,23.9,12.2
2023-11-18,0.3,14.2,17.2,12.8
2023-11-19,0.3,14.0,18.9,11.1
2023-11-20,0.3,16.8,22.2,11.7
2023-11-21,0.3,19.4,23.3,16.7
2023-11-22,0.3,20.0,26.1,16.7
2023-11-23,0.3,15.8,21.1,11.7
2023-11-24,0.3,12.2,14.4,10.6
2023-11-25,0.3,12.8,18.9,7.8
2023-11-26,0.3,13.9,17.8,11.1
2023-11-27,0.3,15.6,20.6,12.2
2023-11-28,0.3,14.8,20.0,10.6
2023-11-29,0.3,11.7,15.6,8.9
2023-11-30,0.3,11.0,12.8,10.0
2023-12-01,0.3,11.4,16.1,8.3
2023-12-02,0.3,11.9,17.8,7.8
2023-12-03,0.3,14.1,19.4,9.4
2023-12-04,0.3,18.3,23.3,11.7
2023-12-05,0.3,21.1,27.2,18.3
2023-12-06,0.3,17.9,23.9,12.2
2023-12-07,0.3,12.0,17.2,7.2
2023-12-08,0.3,12.9,18.3,7.2
2023-12-09,0.3,14.8,17.8,12.2
2023-12-10,0.3,17.9,24.4,13.9
2023-12-11,0.3,17.8,22.8,13.9
2023-12-12,0.3,14.1,18.9,8.9
2023-12-13,0.3,11.9,18.9,4.4
2023-12-14,0.3,16.3,22.2,11.7
2023-12-15,0.3,18.3,22.8,15.6
2023-12-16,0.3,19.4,26.1,16.1
2023-12-17,0.3,19.3,24.4,15.0
2023-12-18,0.3,17.8,23.3,14.4
2023-12-19,0.3,15.3,19.4,11.7
2023-12-20,0.3,14.8,19.4,12.2
2023-12-21,0.3,15.5,19.4,12.2
2023-12-22,0.3,12.0,15.6,9.4
2023-12-23,0.3,11.8,16.1,9.4
2023-12-24,0.3,11.9,17.2,9.4
2023-12-25,0.3,12.9,17.8,8.9
2023-12-26,0.3,14.6,19.4,10.0
2023-12-27,0.3,13.9,19.4,9.4
2023-12-28,0.3,13.4,19.4,7.2
2023-12-29,0.3,14.7,20.6,9.4
2023-12-30,0.3,10.1,13.3,8.9
2023-12-31,0.3,10.1,16.7,10.0
2024-01-01,0.3,11.7,17.2,7.2
2024-01-02,0.3,11.3,17.2,7.8
2024-01-03,0.3,9.0,11.7,7.8
2024-01-04,0.3,9.9,15.0,5.6
2024-01-05,0.3,11.1,16.7,7.2
2024-01-06,0.3,11.6,16.7,8.3
2024-01-07,0.3,8.1,11.7,4.4
2024-01-08,0.3,7.9,13.3,3.3
2024-01-09,0.3,9.8,15.6,6.1
2024-01-10,0.3,8.8,12.8,5.6
2024-01-11,0.3,9.2,14.4,6.1
2024-01-12,0.3,9.6,15.6,5.0
2024-01-13,0.3,11.1,16.7,6.7
2024-01-14,0.3,10.2,14.4,6.7
2024-01-15,0.3,12.3,18.3,7.8
2024-01-16,0.3,14.2,20.6,9.4
2024-01-17,0.3,11.6,16.1,8.9
2024-01-18,0.3,13.6,19.4,8.3
2024-01-19,0.3,15.9,21.1,12.8
2024-01-20,0.3,11.7,13.9,10.6
2024-01-21,0.3,11.2,12.2,10.6
2024-01-22,0.3,11.7,13.3,10.6
2024-01-23,0.3,11.7,16.1,10.0
2024-01-24,0.3,11.1,13.9,9.4
2024-01-25,0.3,11.3,16.1,10.0
2024-01-26,0.3,14.6,22.2,7.8
2024-01-27,0.3,17.2,21.1,13.3
2024-01-28,0.3,19.3,22.8,17.2
2024-01-29,0.3,19.2,25.6,14.4
2024-01-30,0.3,17.8,23.9,13.9
2024-01-31,0.3,15.5,21.7,9.4
2024-02-01,0.3,9.9,11.1,7.8
2024-02-02,0.3,8.6,11.7,7.2
2024-02-03,0.3,9.3,13.3,6.1
2024-02-04,0.3,12.0,16.1,7.8
2024-02-05,0.3,11.5,13.3,8.3
2024-02-06,0.3,8.2,9.4,6.7
2024-02-07,0.3,7.4,10.0,5.0
2024-02-08,0.3,6.9,8.9,5.6
2024-02-09,0.3,7.3,9.4,6.1
2024-02-10,0.3,9.0,14.4,5.6
2024-02-11,0.3,10.2,16.1,5.6
2024-02-12,0.3,11.6,18.3,6.7
2024-02-13,0.3,10.7,16.7,7.2
2024-02-14,0.3,9.8,16.1,4.4
2024-02-15,0.3,10.7,17.8,6.1
2024-02-16,0.3,12.1,18.3,7.2
2024-02-17,0.3,10.7,15.6,7.8
2024-02-18,0.3,11.9,18.3,8.3
2024-02-19,0.3,11.7,15.0,9.4
2024-02-20,0.3,11.3,12.2,10.6
2024-02-21,0.3,11.3,14.4,8.9
2024-02-22,0.3,12.4,17.8,7.2
2024-02-23,0.3,16.7,22.8,12.2
2024-02-24,0.3,17.3,23.3,13.9
2024-02-25,0.3,15.4,18.9,10.6
2024-02-26,0.3,12.8,17.2,10.6
2024-02-27,0.3,11.9,16.1,9.4
2024-02-28,0.3,13.1,19.4,9.4
2024-02-29,0.3,11.4,16.7,8.9
2024-03-01,0.3,11.9,17.2,8.9
2024-03-02,0.3,10.7,13.3,8.9
2024-03-03,0.3,8.9,11.1,7.8
2024-03-04,0.3,10.3,14.4,7.8
2024-03-05,0.3,11.2,16.7,8.3
2024-03-06,0.3,10.8,16.1,7.8
2024-03-07,0.3,9.6,12.2,7.2
2024-03-08,0.3,12.1,18.9,6.7
2024-03-09,0.3,14.3,20.6,10.6
2024-03-10,0.3,13.6,19.4,8.9
2024-03-11,0.3,10.7,16.7,6.7
2024-03-12,0.3,10.4,13.9,8.3
2024-03-13,0.3,12.4,18.3,9.4
2024-03-14,0.3,11.5,15.6,8.9
2024-03-15,0.3,9.6,16.1,5.0
2024-03-16,0.3,11.1,16.1,7.2
2024-03-17,0.3,12.1,18.3,7.8
2024-03-18,0.3,13.4,19.4,10.6
2024-03-19,0.3,15.1,20.0,10.0
2024-03-20,0.3,15.4,21.1,10.6
2024-03-21,0.3,15.1,22.2,8.9
2024-03-22,0.3,14.9,21.7,10.0
2024-03-23,0.3,10.1,14.4,6.7
2024-03-24,0.3,8.8,12.8,6.7
2024-03-25,0.3,9.8,14.4,6.1
2024-03-26,0.3,10.7,15.6,8.3
2024-03-27,0.3,12.9,20.6,7.2
2024-03-28,0.3,12.3,18.3,6.7
2024-03-29,0.3,10.8,16.7,7.8
2024-03-30,0.3,8.2,10.6,6.1
2024-03-31,0.3,9.2,12.2,6.7
2024-04-01,0.3,11.4,17.2,6.1
2024-04-02,0.3,15.5,21.7,9.4
2024-04-03,0.3,17.5,24.4,11.7
2024-04-04,0.3,10.8,16.1,6.7
2024-04-05,0.3,6.5,10.0,4.4
2024-04-06,0.3,9.6,16.1,4.4
2024-04-07,0.3,11.0,17.2,6.7
2024-04-08,0.3,11.2,18.3,5.0
2024-04-09,0.3,17.6,25.0,8.9
2024-04-10,0.3,19.8,25.6,13.9
2024-04-11,0.3,21.1,27.2,15.0
2024-04-12,0.3,12.2,15.0,8.3
2024-04-13,0.3,11.9,16.7,8.3
2024-04-14,0.3,9.9,16.1,5.0
2024-04-15,0.3,12.5,19.4,7.8
2024-04-16,0.3,17.8,26.1,10.6
2024-04-17,0.3,19.0,25.6,13.9
2024-04-18,0.3,15.9,23.3,8.9
2024-04-19,0.3,13.2,21.1,8.9
2024-04-20,0.3,14.4,23.9,10.0
2024-04-21,0.3,17.2,25.6,11.1
2024-04-22,0.3,14.5,21.1,10.0
2024-04-23,0.3,12.9,19.4,10.6
2024-04-24,0.3,13.1,18.9,10.6
2024-04-25,0.3,11.6,15.0,9.4
2024-04-26,0.3,11.3,15.0,8.9
2024-04-27,0.3,13.8,20.0,10.0
2024-04-28,0.3,16.1,22.8,10.0
2024-04-29,0.3,17.3,24.4,11.1
2024-04-30,0.3,15.9,23.9,11.1
2024-05-01,0.3,14.8,21.7,11.1
2024-05-02,0.3,14.4,22.2,10.6
2024-05-03,0.3,14.8,22.8,11.1
2024-05-04,0.3,13.1,18.9,10.6
2024-05-05,0.3,11.4,15.0,7.8
2024-05-06,0.3,13.9,21.1,6.7
2024-05-07,0.3,15.8,22.8,10.0
2024-05-08,0.3,13.9,22.2,7.2
2024-05-09,0.3,14.4,22.8,10.6
2024-05-10,0.3,14.6,21.1,9.4
2024-05-11,0.3,15.6,23.3,11.7
2024-05-12,0.3,16.4,26.1,10.6
2024-05-13,0.3,15.6,23.3,10.0
2024-05-14,0.3,14.6,23.3,9.4
2024-05-15,0.3,13.7,20.0,11.1
2024-05-16,0.3,14.3,21.1,11.1
2024-05-17,0.3,15.1,22.2,12.2
2024-05-18,0.3,16.1,23.9,11.1
2024-05-19,0.3,14.8,22.2,9.4
2024-05-20,0.3,14.3,21.1,9.4
2024-05-21,0.3,15.0,22.8,8.9
2024-05-22,0.3,14.3,22.2,9.4
2024-05-23,0.3,14.6,20.0,11.1
2024-05-24,0.3,14.2,20.0,11.1
2024-05-25,0.3,14.1,20.0,10.0
2024-05-26,0.3,15.1,22.2,10.6
2024-05-27,0.3,15.3,23.3,10.0
2024-05-28,0.3,15.7,23.9,9.4
2024-05-29,0.3,16.5,23.3,11.1
2024-05-30,0.3,16.6,26.1,10.6
2024-05-31,0.3,15.7,24.4,10.6
2024-06-01,0.3,16.1,22.8,12.2
2024-06-02,0.3,15.2,21.1,11.7
2024-06-03,0.3,16.3,23.9,12.2
2024-06-04,0.3,17.4,26.7,11.7
2024-06-05,0.3,20.2,27.2,15.6
2024-06-06,0.3,20.6,27.8,15.0
2024-06-07,0.3,17.8,25.6,12.8
2024-06-08,0.3,17.4,23.9,12.8
2024-06-09,0.3,17.2,25.0,12.2
2024-06-10,0.3,17.3,26.7,11.7
2024-06-11,0.3,17.4,24.4,13.3
2024-06-12,0.3,19.9,30.6,13.9
2024-06-13,0.3,17.9,26.1,11.7
2024-06-14,0.3,20.6,28.9,11.7
2024-06-15,0.3,25.2,32.2,19.4
2024-06-16,0.3,20.3,27.2,12.2
2024-06-17,0.3,16.5,23.3,11.7
2024-06-18,0.3,17.1,26.1,11.7
2024-06-19,0.3,18.0,25.6,12.2
2024-06-20,0.3,19.9,28.3,12.8
2024-06-21,0.3,22.8,30.0,14.4
2024-06-22,0.3,28.9,35.6,18.9
2024-06-23,0.3,28.1,34.4,22.2
2024-06-24,0.3,26.0,32.8,20.6
2024-06-25,0.3,23.3,30.0,17.2
2024-06-26,0.3,21.1,28.9,15.6
2024-06-27,0.3,21.5,30.0,15.0
2024-06-28,0.3,21.3,28.9,13.9
2024-06-29,0.3,23.6,31.1,13.9
2024-06-30,0.3,26.2,33.9,18.9
2024-07-01,0.3,24.7,31.1,16.1
2024-07-02,0.3,23.8,33.3,15.0
2024-07-03,0.3,26.2,32.8,20.0
2024-07-04,0.3,25.0,32.8,17.8
2024-07-05,0.3,27.1,33.9,17.8
2024-07-06,0.3,25.8,35.0,19.4
2024-07-07,0.3,25.0,32.2,18.3
2024-07-08,0.3,24.9,32.2,19.4
2024-07-09,0.3,27.5,35.0,20.0
2024-07-10,0.3,28.3,34.4,22.8
2024-07-11,0.3,26.2,34.4,21.1
2024-07-12,0.3,24.6,33.3,18.3
2024-07-13,0.3,23.7,31.7,16.7
2024-07-14,0.3,23.8,31.1,17.8
2024-07-15,0.3,22.7,30.6,16.1
2024-07-16,0.3,21.5,30.0,15.6
2024-07-17,0.3,22.1,29.4,16.1
2024-07-18,0.3,23.6,31.7,16.1
2024-07-19,0.3,27.7,33.9,19.4
2024-07-20,0.3,29.7,36.1,24.4
2024-07-21,0.3,26.4,32.2,21.7
2024-07-22,0.3,25.8,32.8,21.1
2024-07-23,0.3,26.4,32.8,21.7
2024-07-24,0.3,27.4,35.0,21.7
2024-07-25,0.3,28.8,36.1,22.2
2024-07-26,0.3,27.6,34.4,20.0
2024-07-27,0.3,24.5,32.2,18.9
2024-07-28,0.3,24.2,31.1,18.3
2024-07-29,0.3,24.5,31.7,18.9
2024-07-30,0.3,24.4,31.1,18.9
2024-07-31,0.3,24.8,31.7,18.9
2024-08-01,0.3,24.4,33.3,18.9
2024-08-02,0.3,28.7,35.0,21.1
2024-08-03,0.3,29.2,36.1,23.9
2024-08-04,0.3,29.6,36.7,23.9
2024-08-05,0.3,30.1,36.7,24.4
2024-08-06,0.3,29.2,34.4,23.9
2024-08-07,0.3,26.1,31.1,18.3
2024-08-08,0.3,24.3,29.4,18.3
2024-08-09,0.3,23.7,31.7,16.1
2024-08-10,0.3,26.4,33.9,20.0
2024-08-11,0.3,25.9,33.3,21.7
2024-08-12,0.3,26.6,32.8,21.7
2024-08-13,0.3,25.9,32.8,20.0
2024-08-14,0.3,25.9,32.8,20.6
2024-08-15,0.3,26.2,33.9,21.1
2024-08-16,0.3,24.9,32.8,18.9
2024-08-17,0.3,21.3,30.6,15.6
2024-08-18,0.3,22.9,31.7,15.6
2024-08-19,0.3,26.8,34.4,20.0
2024-08-20,0.3,29.8,36.7,23.9
2024-08-21,0.3,27.3,34.4,19.4
2024-08-22,0.3,23.2,30.6,16.7
2024-08-23,0.3,19.9,28.3,14.4
2024-08-24,0.3,18.9,27.8,11.1
2024-08-25,0.3,21.0,29.4,13.9
2024-08-26,0.3,23.5,31.7,17.8
2024-08-27,0.3,23.1,31.7,16.7
2024-08-28,0.3,21.0,30.0,13.9
2024-08-29,0.3,19.6,28.9,13.3
2024-08-30,0.3,19.7,28.3,13.9
2024-08-31,0.3,24.7,32.2,18.9
2024-09-01,0.3,25.1,33.9,20.0
2024-09-02,0.3,26.5,34.4,21.7
2024-09-03,0.3,27.6,35.6,22.2
2024-09-04,0.3,30.2,36.7,23.3
2024-09-05,0.3,34.6,41.1,27.8
2024-09-06,0.3,33.4,43.3,26.1
2024-09-07,0.3,33.6,38.9,29.4
2024-09-08,0.3,33.9,41.7,29.4
2024-09-09,0.3,33.0,39.4,28.3
2024-09-10,0.3,29.0,35.6,22.2
2024-09-11,0.3,19.6,27.2,12.8
2024-09-12,0.3,17.2,25.6,12.2
2024-09-13,0.3,18.2,27.2,13.9
2024-09-14,0.3,18.4,26.7,13.9
2024-09-15,0.3,18.0,22.8,15.0
2024-09-16,0.3,16.1,20.6,12.2
2024-09-17,0.3,15.8,23.3,11.1
2024-09-18,0.3,16.2,24.4,11.1
2024-09-19,0.3,17.4,24.4,13.9
2024-09-20,0.3,16.4,22.2,13.9
2024-09-21,0.3,17.9,26.1,12.8
2024-09-22,0.3,21.5,30.0,12.8
2024-09-23,0.3,23.5,31.7,17.2
2024-09-24,0.3,22.6,31.1,15.6
2024-09-25,0.3,18.3,25.6,13.3
2024-09-26,0.3,19.7,28.3,13.3
2024-09-27,0.3,21.6,27.8,16.7
2024-09-28,0.3,23.9,32.2,18.3
2024-09-29,0.3,24.3,30.6,18.9
2024-09-30,0.3,26.3,33.9,20.6
2024-10-01,0.3,29.1,37.2,23.9
2024-10-02,0.3,30.3,38.3,24.4
2024-10-03,0.3,27.7,33.9,22.2
2024-10-04,0.3,27.1,33.3,19.4
2024-10-05,0.3,28.2,34.4,21.7
2024-10-06,0.3,29.7,36.7,22.8
2024-10-07,0.3,29.7,36.7,25.6
2024-10-08,0.3,27.4,35.0,22.2
2024-10-09,0.3,24.7,31.7,18.3
2024-10-10,0.3,25.4,31.7,20.6
2024-10-11,0.3,26.3,33.3,21.7
2024-10-12,0.3,24.0,30.6,17.8
2024-10-13,0.3,19.4,26.7,13.3
2024-10-14,0.3,15.8,23.9,11.1
2024-10-15,0.3,15.6,22.8,12.8
2024-10-16,0.3,15.3,20.6,12.8
2024-10-17,0.3,15.1,17.8,13.3
2024-10-18,0.3,16.1,22.2,12.2
2024-10-19,0.3,19.0,25.0,14.4
2024-10-20,0.3,21.4,29.4,15.0
2024-10-21,0.3,22.5,28.9,17.8
2024-10-22,0.3,23.6,30.6,18.3
2024-10-23,0.3,24.2,30.6,20.6
2024-10-24,0.3,23.3,30.0,18.9
2024-10-25,0.3,22.4,28.3,17.8
2024-10-26,0.3,24.3,30.6,19.4
2024-10-27,0.3,22.4,29.4,17.2
2024-10-28,0.3,15.9,21.1,11.7
2024-10-29,0.3,12.6,16.1,9.4
2024-10-30,0.3,14.8,22.2,8.3
2024-10-31,0.3,15.3,21.7,11.1
2024-11-01,0.3,14.3,21.1,10.0
2024-11-02,0.3,13.0,17.8,8.9
2024-11-03,0.3,13.2,19.4,10.0
2024-11-04,0.3,16.5,23.3,12.2
2024-11-05,0.3,16.9,23.3,12.8
2024-11-06,0.3,16.0,20.0,13.9
2024-11-07,0.3,15.2,20.6,10.6
2024-11-08,0.3,16.0,22.8,10.6
2024-11-09,0.3,18.2,25.6,12.2
2024-11-10,0.3,18.8,26.1,14.4
2024-11-11,0.3,15.6,22.2,10.0
2024-11-12,0.3,14.9,21.7,10.6
2024-11-13,0.3,18.6,25.6,14.4
2024-11-14,0.3,16.4,23.3,10.6
2024-11-15,0.3,9.9,14.4,7.2
2024-11-16,0.3,9.8,15.6,6.1
2024-11-17,0.3,11.7,18.9,5.6
2024-11-18,0.3,11.5,17.8,7.8
2024-11-19,0.3,13.3,22.2,5.6
2024-11-20,0.3,16.7,23.3,12.2
2024-11-21,0.3,18.9,26.7,13.9
2024-11-22,0.3,17.9,26.7,11.7
2024-11-23,0.3,13.6,20.6,8.9
2024-11-24,0.3,12.5,17.2,10.0
2024-11-25,0.3,16.3,24.4,10.0
2024-11-26,0.3,16.3,21.7,13.3
2024-11-27,0.3,15.4,21.1,12.2
2024-11-28,0.3,17.0,24.4,11.7
2024-11-29,0.3,17.1,21.1,14.4
2024-11-30,0.3,18.5,24.4,14.4
2024-12-01,0.3,18.2,23.9,13.3
2024-12-02,0.3,17.1,22.8,12.8
2024-12-03,0.3,15.4,20.6,10.6
2024-12-04,0.3,14.4,19.4,11.1
2024-12-05,0.3,16.4,21.7,12.2
2024-12-06,0.3,19.7,25.0,16.1
2024-12-07,0.3,19.4,26.1,15.0
2024-12-08,0.3,16.4,22.2,12.2
2024-12-09,0.3,14.8,20.0,8.3
2024-12-10,0.3,15.1,19.4,12.2
2024-12-11,0.3,17.3,22.2,13.9
2024-12-12,0.3,13.1,17.8,8.9
2024-12-13,0.3,10.9,16.7,7.8
2024-12-14,0.3,12.9,20.0,8.9
2024-12-15,0.3,11.7,18.9,6.7
2024-12-16,0.3,15.2,21.1,9.4
2024-12-17,0.3,18.8,25.6,13.3
2024-12-18,0.3,22.3,27.8,18.9
2024-12-19,0.3,21.2,27.8,17.2
2024-12-20,0.3,18.9,24.4,14.4
2024-12-21,0.3,16.3,22.2,12.2
2024-12-22,0.3,15.4,21.7,11.1
2024-12-23,0.3,16.6,22.2,11.1
2024-12-24,0.3,13.7,19.4,8.9
2024-12-25,0.3,10.5,14.4,8.3
2024-12-26,0.3,12.4,18.9,8.9
2024-12-27,0.3,11.7,14.4,9.4
2024-12-28,0.3,13.6,20.0,8.9
2024-12-29,0.3,15.2,22.2,10.6
2024-12-30,0.3,12.9,19.4,7.2
2024-12-31,0.3,13.5,19.4,8.3
2025-01-01,0.3,16.8,22.2,12.8
2025-01-02,0.3,20.3,28.3,16.1
2025-01-03,0.3,15.6,22.8,5.6
2025-01-04,0.3,10.1,16.1,5.6
2025-01-05,0.3,17.1,23.3,12.2
2025-01-06,0.3,16.6,23.3,12.2
2025-01-07,0.3,13.1,18.9,7.2
2025-01-08,0.3,14.5,20.6,10.6
2025-01-09,0.3,15.4,22.2,8.9
2025-01-10,0.3,14.4,20.0,10.6
2025-01-11,0.3,14.1,20.0,8.9
2025-01-12,0.3,12.9,18.9,8.9
2025-01-13,0.3,11.4,16.7,7.8
2025-01-14,0.3,12.0,17.8,7.8
2025-01-15,0.3,14.1,18.9,10.0
2025-01-16,0.3,11.7,16.7,6.1
2025-01-17,0.3,8.8,15.0,5.6
2025-01-18,0.3,9.5,17.2,3.9
2025-01-19,0.3,9.8,16.1,6.1
2025-01-20,0.3,11.5,18.3,4.4
2025-01-21,0.3,13.2,17.8,7.2
2025-01-22,0.3,18.3,25.6,12.8
2025-01-23,0.3,16.4,20.0,14.4
2025-01-24,0.3,15.7,23.9,10.6
2025-01-25,0.3,11.6,16.7,8.3
2025-01-26,0.3,7.9,9.4,5.6
2025-01-27,0.3,6.5,10.0,3.9
2025-01-28,0.3,7.8,13.9,3.3
2025-01-29,0.3,9.2,15.0,6.1
2025-01-30,0.3,8.7,12.8,5.6
2025-01-31,0.3,11.3,18.3,5.6
2025-02-01,0.3,15.9,22.2,10.6
2025-02-02,0.3,18.8,25.0,12.2
2025-02-03,0.3,19.8,26.7,15.6
2025-02-04,0.3,10.7,15.6,7.2
2025-02-05,0.3,13.2,20.6,7.8
2025-02-06,0.3,12.8,17.8,10.6
2025-02-07,0.3,11.9,15.0,8.9
2025-02-08,0.3,10.9,16.7,7.2
2025-02-09,0.3,14.6,20.6,10.0
2025-02-10,0.3,9.3,14.4,5.6
2025-02-11,0.3,7.6,11.1,6.1
2025-02-12,0.3,8.3,10.0,6.1
2025-02-13,0.3,10.8,11.7,10.0
2025-02-14,0.3,10.1,13.9,7.2
2025-02-15,0.3,11.9,18.9,5.0
2025-02-16,0.3,16.2,23.3,11.7
2025-02-17,0.3,14.1,20.6,8.9
2025-02-18,0.3,12.1,18.9,7.8
2025-02-19,0.3,16.6,22.2,12.2
2025-02-20,0.3,16.9,25.0,12.8
2025-02-21,0.3,17.8,24.4,13.9
2025-02-22,0.3,17.9,25.0,12.2
2025-02-23,0.3,18.8,26.7,13.3
2025-02-24,0.3,19.2,25.0,13.9
2025-02-25,0.3,19.5,26.7,15.0
2025-02-26,0.3,21.7,27.2,15.6
2025-02-27,0.3,21.2,26.1,17.2
2025-02-28,0.3,15.7,24.4,10.0
2025-03-01,0.3,10.1,13.3,8.9
2025-03-02,0.3,10.0,15.0,7.2
2025-03-03,0.3,8.1,12.2,6.1
2025-03-04,0.3,10.7,19.4,5.6
2025-03-05,0.3,10.8,18.3,7.8
2025-03-06,0.3,6.8,10.6,3.3
2025-03-07,0.3,7.6,13.3,3.9
2025-03-08,0.3,11.1,18.9,5.0
2025-03-09,0.3,15.3,23.3,9.4
2025-03-10,0.3,14.9,22.8,8.9
2025-03-11,0.3,10.3,13.3,7.8
2025-03-12,0.3,11.1,13.3,9.4
2025-03-13,0.3,7.2,10.0,5.6
2025-03-14,0.3,6.9,9.4,4.4
2025-03-15,0.3,10.1,16.1,6.7
2025-03-16,0.3,13.8,20.0,7.8
2025-03-17,0.3,11.9,17.2,7.2
2025-03-18,0.3,10.7,16.7,6.7
2025-03-19,0.3,16.7,23.3,10.0
2025-03-20,0.3,15.8,22.2,10.6
2025-03-21,0.3,16.6,23.9,11.7
2025-03-22,0.3,16.2,22.8,11.1
2025-03-23,0.3,15.7,22.2,10.0
2025-03-24,0.3,20.6,30.6,13.3
2025-03-25,0.3,18.9,26.1,11.1
2025-03-26,0.3,11.2,12.2,10.0
2025-03-27,0.3,11.8,18.3,10.0
2025-03-28,0.3,12.0,17.2,9.4
2025-03-29,0.3,11.8,18.3,8.9
2025-03-30,0.3,11.3,16.7,7.8
2025-03-31,0.3,11.8,14.4,8.9
2025-04-01,0.3,9.8,13.9,7.2
2025-04-02,0.3,8.8,13.3,6.1
2025-04-03,0.3,8.5,15.0,6.1
2025-04-04,0.3,11.8,18.3,5.6
2025-04-05,0.3,16.2,23.3,8.9
2025-04-06,0.3,18.7,25.6,11.7
2025-04-07,0.3,18.9,25.6,14.4
2025-04-08,0.3,19.6,26.1,13.9
2025-04-09,0.3,21.8,28.9,16.1
2025-04-10,0.3,22.7,28.3,16.1
2025-04-11,0.3,22.7,29.4,17.2
2025-04-12,0.3,18.6,26.1,11.1
2025-04-13,0.3,14.6,21.7,8.3
2025-04-14,0.3,13.2,20.6,7.2
2025-04-15,0.3,10.8,15.0,8.9
2025-04-16,0.3,11.1,14.4,8.9
2025-04-17,0.3,11.7,16.1,9.4
2025-04-18,0.3,10.3,13.3,8.3
2025-04-19,0.3,14.1,22.2,6.1
2025-04-20,0.3,17.0,23.9,10.6
2025-04-21,0.3,15.7,22.2,10.0
2025-04-22,0.3,12.5,21.1,7.8
2025-04-23,0.3,12.5,20.0,8.9
2025-04-24,0.3,13.4,21.1,9.4
2025-04-25,0.3,10.7,13.9,7.8
2025-04-26,0.3,9.6,13.9,7.2
2025-04-27,0.3,10.7,15.6,7.2
2025-04-28,0.3,12.8,19.4,8.9
2025-04-29,0.3,15.2,23.9,9.4
2025-04-30,0.3,14.0,23.3,9.4
2025-05-01,0.3,13.8,21.1,9.4
2025-05-02,0.3,14.2,21.7,10.6
2025-05-03,0.3,12.2,13.9,11.1
